sku,grade,size,quantity
ER0001A,VVS-EF,,BANGALORE=1
ER0004A,SI-GH,,BANGALORE=1
ER0007A,SI-GH,,BANGALORE=1
ER0009A,SI-GH,,BANGALORE=1
NK0001A,SI-GH,,BANGALORE=1
NE0001A,SI-GH,,BANGALORE=1
NK0002A,SI-GH,,BANGALORE=1
NE0002A,SI-GH,,BANGALORE=1
PD0001A,VVS-EF,,BANGALORE=1
RG0001B,SI-GH,15,BANGALORE=1
ER0015A,SI-GH,,BANGALORE=1
NE0007A,SI-GH,,BANGALORE=1
NK0007A,SI-GH,,BANGALORE=1
NE0008A,SI-GH,,BANGALORE=1
RG0005A,SI-GH,13,BANGALORE=1
PD0007A,SI-GH,,BANGALORE=1
NE0010A,SI-GH,,BANGALORE=1
NK0010A,SI-GH,,BANGALORE=1
PD0008A,SI-GH,,BANGALORE=1
RG0006A,SI-GH,11,BANGALORE=1
RG0007A,SI-GH,13,BANGALORE=1
ER0020A,SI-GH,,BANGALORE=1
PD0009A,SI-GH,,BANGALORE=1
NK0012A,SI-GH,,BANGALORE=1
NE0012A,SI-GH,,BANGALORE=1
RG0008A,SI-GH,13,BANGALORE=1
NE0014A,SI-GH,,BANGALORE=1
NK0014A,SI-GH,,BANGALORE=1
NE0015A,SI-GH,,BANGALORE=1
NK0015A,SI-GH,,BANGALORE=1
RG0011A,SI-GH,11,BANGALORE=1
NK0017A,SI-GH,,BANGALORE=1
NE0017A,SI-GH,,BANGALORE=1
PD0016A,SI-GH,,BANGALORE=1
RG0015A,SI-GH,13,BANGALORE=1
RG0016A,SI-GH,13,BANGALORE=1
NE0020A,SI-GH,,BANGALORE=1
NK0020A,SI-GH,,BANGALORE=1
NE0021A,SI-GH,,BANGALORE=1
NK0021A,SI-GH,,BANGALORE=1
RG0017B,SI-GH,12,BANGALORE=1
RG0017A,SI-GH,13,BANGALORE=2
RG0017A,SI-GH,20,BANGALORE=2
PD0020A,SI-GH,,BANGALORE=1
RG0019A,SI-GH,13,BANGALORE=1
ER0035A,SI-GH,,BANGALORE=1
ER0039A,SI-GH,,BANGALORE=1
PD0029A,SI-GH,,BANGALORE=1
RG0030A,SI-GH,12,BANGALORE=1
RG0033A,SI-GH,13,BANGALORE=1
ER0047A,SI-GH,,BANGALORE=1
RG0036A,SI-GH,13,BANGALORE=1
RG0037A,SI-GH,14,BANGALORE=1
ER0062A,VVS-EF,,BANGALORE=1
RG0049A,SI-GH,13,BANGALORE=1
RG0050B,SI-GH,13,BANGALORE=1
RG0051A,SI-GH,13,BANGALORE=1
RG0057A,SI-GH,14,BANGALORE=1
PD0062A,SI-GH,,BLR1=4
ER0078A,SI-GH,,BANGALORE=1
RG0067A,SI-GH,12,BANGALORE=1
PD0072A,SI-GH,,BANGALORE=1
RG0072C,SI-GH,12,BANGALORE=1
RG0073A,SI-GH,13,BANGALORE=1
RG0076B,SI-GH,13,BANGALORE=1
RG0078A,SI-GH,13,BANGALORE=1
ER0093A,SI-GH,,BANGALORE=1
RG0081A,SI-GH,13,BANGALORE=1
PD0083A,SI-GH,,BANGALORE=1
RG0082A,SI-GH,14,BANGALORE=1
PD0086A,SI-GH,,BANGALORE=1
ER0099A,SI-GH,,BANGALORE=1
ER0100A,SI-GH,,BANGALORE=1
RG0088A,SI-GH,13,BANGALORE=1
RG0089A,SI-GH,12,BANGALORE=1
ER0102A,SI-GH,,BANGALORE=1
RG0090A,SI-GH,13,BANGALORE=1
ER0104A,SI-GH,,BANGALORE=1
ER0109A,SI-GH,,BANGALORE=1
RG0096A,SI-GH,12,BANGALORE=1
RG0098A,SI-GH,13,BANGALORE=1
RG0100C,SI-GH,12,BANGALORE=1
RG0101A,SI-GH,12,BANGALORE=1
RG0102A,SI-GH,12,BANGALORE=1
ER0115A,SI-GH,,BANGALORE=1;BLR1=1
RG0103A,SI-GH,13,BANGALORE=1
RG0106A,SI-GH,12,BANGALORE=1
ER0120A,SI-GH,,BANGALORE=1
RG0107A,SI-GH,13,BANGALORE=1
RG0108A,SI-GH,12,BANGALORE=1
ER0121A,SI-GH,,BANGALORE=1
RG0109A,SI-GH,13,BANGALORE=2
RG0109A,SI-GH,25,BANGALORE=2
ER0127A,SI-GH,,BANGALORE=1
ER0128A,SI-GH,,BANGALORE=1
RG0116C,SI-GH,12,BANGALORE=1
RG0117B,SI-GH,12,BANGALORE=1
RG0117A,SI-GH,19,BANGALORE=1
RG0118A,SI-GH,13,BANGALORE=1
RG0119A,SI-GH,12,BANGALORE=1
RG0121A,SI-GH,13,BANGALORE=1
RG0123A,SI-GH,14,BANGALORE=1
RG0124A,SI-GH,13,BANGALORE=1
RG0125A,SI-GH,14,BANGALORE=1
RG0126A,SI-GH,13,BANGALORE=1
ER0140A,SI-GH,,BANGALORE=1
PD0130A,SI-GH,,BANGALORE=1
RG0130A,SI-GH,13,BANGALORE=1
ER0144A,SI-GH,,BANGALORE=1
RG0131A,SI-GH,13,BANGALORE=1
ER0145A,SI-GH,,BANGALORE=1
RG0132A,SI-GH,13,BANGALORE=1
RG0133A,SI-GH,12,BANGALORE=1
ER0146A,SI-GH,,BANGALORE=1
RG0134A,SI-GH,13,BANGALORE=1
RG0135A,SI-GH,12,BANGALORE=1
PD0141A,SI-GH,,BANGALORE=1
PD0142A,SI-GH,,BANGALORE=1
RG0140A,SI-GH,12,BANGALORE=1
RG0141B,SI-GH,13,BANGALORE=1
ER0154A,SI-GH,,BANGALORE=1
RG0142A,SI-GH,13,BANGALORE=1
RG0143A,SI-GH,12,BANGALORE=1
RG0146B,SI-GH,12,BANGALORE=1
RG0147A,SI-GH,13,BANGALORE=1
PD0150A,SI-GH,,BANGALORE=1
RG0150A,SI-GH,13,BANGALORE=1
RG0151A,SI-GH,13,BANGALORE=1
RG0152A,SI-GH,12,BANGALORE=1
RG0153B,SI-GH,13,BANGALORE=1
RG0154A,SI-GH,13,BANGALORE=1
RG0155A,SI-GH,13,BANGALORE=1
ER0168A,SI-GH,,BANGALORE=1
ER0171A,SI-GH,,BANGALORE=1
RG0162A,SI-GH,16,BANGALORE=1
RG0167A,SI-GH,16,BANGALORE=1
RG0168A,SI-GH,15,BANGALORE=1
ER0183A,SI-GH,,BANGALORE=1
ER0186A,SI-GH,,BANGALORE=1
ER0188A,SI-GH,,BANGALORE=1
RG0175A,SI-GH,15,BANGALORE=1
RG0176A,SI-GH,14,BANGALORE=1
ER0191A,SI-GH,,BANGALORE=1
RG0189A,SI-GH,18,BANGALORE=1
RG0190A,VVS-EF,6,BANGALORE=1
RG0196A,SI-GH,17,BANGALORE=1
RG0198A,SI-GH,12,BANGALORE=1
RG0199A,SI-GH,18,BANGALORE=1
RG0200A,SI-GH,5,BANGALORE=7
RG0200A,VVS-EF,5,BANGALORE=7
RG0200A,SI-GH,16,BANGALORE=7
RG0200A,SI-GH,19,BANGALORE=7
ER0217A,SI-GH,,BANGALORE=1
RG0205A,SI-GH,15,BANGALORE=1
RG0209A,SI-GH,15,BANGALORE=1
ER0227A,SI-GH,,BANGALORE=1
ER0228A,SI-GH,,BANGALORE=1
ER0229A,SI-GH,,BANGALORE=2
ER0229A,VVS-EF,,BANGALORE=2
ER0234A,SI-GH,,BANGALORE=1
RG0222A,SI-GH,14,BANGALORE=1
ER0236A,SI-GH,,BANGALORE=1
ER0237A,SI-GH,,BANGALORE=1
ER0238A,SI-GH,,BANGALORE=1
ER0240A,SI-GH,,BANGALORE=1
ER0247A,SI-GH,,BANGALORE=1
ER0250A,SI-GH,,BANGALORE=1
ER0251A,SI-GH,,BANGALORE=1
RG0238A,SI-GH,7,BANGALORE=1
ER0252A,SI-GH,,BANGALORE=1
ER0254A,SI-GH,,BANGALORE=1
ER0255A,SI-GH,,BANGALORE=1
ER0256A,SI-GH,,BANGALORE=1
RG0243A,SI-GH,11,BANGALORE=2
RG0243A,SI-GH,7,BANGALORE=2
ER0258A,SI-GH,,BANGALORE=1
ER0260A,SI-GH,,BANGALORE=1
PD0251A,SI-GH,,BANGALORE=1
ER0263A,SI-GH,,BANGALORE=1
PD0252A,SI-GH,,BANGALORE=1
ER0264A,SI-GH,,BANGALORE=1
PD0253A,SI-GH,,BANGALORE=1
PD0254A,SI-GH,,BANGALORE=1
ER0265A,SI-GH,,BANGALORE=1
ER0266A,SI-GH,,BANGALORE=1
PD0255A,SI-GH,,BANGALORE=1
PD0256A,SI-GH,,BANGALORE=1
ER0271A,SI-GH,,BANGALORE=1
ER0272A,SI-GH,,BANGALORE=1
ER0273A,SI-GH,,BANGALORE=1
ER0274A,SI-GH,,BANGALORE=1
RG0261A,VVS-EF,12,BANGALORE=1
ER0278A,SI-GH,,BANGALORE=1
ER0279A,SI-GH,,BANGALORE=1
ER0280A,SI-GH,,BANGALORE=1
RG0275A,SI-GH,24,BANGALORE=2
RG0275A,SI-GH,16,BANGALORE=2
RG0293B,SI-GH,9,BANGALORE=1
RG0302A,SI-GH,8,BANGALORE=1
RG0307A,SI-GH,20,BANGALORE=1
RG0309A,SI-GH,19,BANGALORE=1
RG0310A,SI-GH,20,BANGALORE=1
RG0312A,SI-GH,20,BANGALORE=1
RG0313A,SI-GH,19,BANGALORE=1
RG0333A,SI-GH,20,BANGALORE=1
ER0501A,SI-GH,,BANGALORE=1
ER0504A,SI-GH,,BANGALORE=1
ER0508A,SI-GH,,BANGALORE=1
PD0500A,SI-GH,,BANGALORE=1
PD0501A,SI-GH,,BANGALORE=1
ER0518A,SI-GH,,BANGALORE=3
ER0522A,VVS-EF,,BANGALORE=2
ER0522A,SI-GH,,BANGALORE=2
PD0514A,SI-GH,,BANGALORE=1
ER0539A,SI-GH,,BANGALORE=1
ER0543A,SI-GH,,BANGALORE=1
ER0545A,SI-GH,,BANGALORE=1
ER0547A,SI-GH,,BANGALORE=1
ER0548A,SI-GH,,BANGALORE=1
ER0551A,SI-GH,,BANGALORE=1
ER0552A,SI-GH,,BANGALORE=1
ER0554A,SI-GH,,BANGALORE=1
ER0556A,SI-GH,,BANGALORE=1
ER0558A,SI-GH,,BANGALORE=1
ER0560A,SI-GH,,BANGALORE=1
ER0567A,SI-GH,,BANGALORE=1
ER0568A,SI-GH,,BANGALORE=1
ER0571A,SI-GH,,BANGALORE=1
ER0574A,VVS-EF,,BLR1=1
ER0575A,SI-GH,,BANGALORE=1
PD0566A,SI-GH,,BANGALORE=1;BLR1=1
ER0577A,SI-GH,,BANGALORE=1
ER0579A,SI-GH,,BANGALORE=1
ER0581A,SI-GH,,BANGALORE=1
ER0592A,SI-GH,,BANGALORE=1
ER0595A,SI-GH,,BANGALORE=1
ER0596A,SI-GH,,BANGALORE=1
ER0597A,SI-GH,,BANGALORE=1
ER0598A,SI-GH,,BANGALORE=1
ER0599A,SI-GH,,BANGALORE=1
ER0601A,SI-GH,,BANGALORE=1
ER0602A,SI-GH,,BANGALORE=1
ER0603A,SI-GH,,BANGALORE=1
ER0605A,SI-GH,,BANGALORE=1
ER0606A,SI-GH,,BANGALORE=1
ER0607A,SI-GH,,BANGALORE=1
ER0608A,SI-GH,,BANGALORE=1
ER0628A,SI-GH,,BANGALORE=2
ER0630A,SI-GH,,BANGALORE=1
ER0631A,SI-GH,,BANGALORE=1
ER0632A,SI-GH,,BANGALORE=1
ER0638A,SI-GH,,BANGALORE=1
ER0639A,SI-GH,,BANGALORE=1
ER0657A,SI-GH,,BANGALORE=1
ER0658A,SI-GH,,BANGALORE=1
ER0659A,SI-GH,,BANGALORE=1
ER0662A,SI-GH,,BANGALORE=1
ER0663A,SI-GH,,BANGALORE=1
ER0673A,SI-GH,,BANGALORE=1
ER0674A,SI-GH,,BANGALORE=1
PD0698A,SI-GH,,BANGALORE=1
PD0702A,SI-GH,,BANGALORE=1
PD0705A,SI-GH,,BANGALORE=1;BLR1=1
PD0708A,SI-GH,,BANGALORE=1;BLR1=1
ER1002A,SI-GH,,BANGALORE=1
ER1006A,SI-GH,,BANGALORE=1
ER1010A,SI-GH,,BANGALORE=1
ER1012A,SI-GH,,BANGALORE=1
ER1013A,SI-GH,,BANGALORE=1
ER1015A,SI-GH,,BANGALORE=1
ER1017A,SI-GH,,BANGALORE=1
ER1019A,SI-GH,,BANGALORE=1
ER1020A,SI-GH,,BANGALORE=1
ER1022A,SI-GH,,BANGALORE=1
ER1024A,SI-GH,,BANGALORE=1
ER1026A,SI-GH,,BANGALORE=1
ER1027A,SI-GH,,BANGALORE=1
ER1030A,SI-GH,,BANGALORE=1
ER1036A,SI-GH,,BANGALORE=1
ER1040A,SI-GH,,BANGALORE=1
ER1046A,SI-GH,,BANGALORE=1
ER1047A,SI-GH,,BANGALORE=1
ER1048A,SI-GH,,BANGALORE=1
ER1051A,SI-GH,,BANGALORE=1
ER1052A,SI-GH,,BANGALORE=1
ER1053A,SI-GH,,BANGALORE=1
ER1054A,SI-GH,,BANGALORE=1
ER1055A,SI-GH,,BANGALORE=1
ER1056A,SI-GH,,BANGALORE=1
ER1057A,SI-GH,,BANGALORE=1
ER1059A,SI-GH,,BANGALORE=1
ER1060A,SI-GH,,BANGALORE=1
ER1068A,SI-GH,,BANGALORE=1
ER1070A,SI-GH,,BANGALORE=1
ER1071A,SI-GH,,BANGALORE=1
ER1072A,SI-GH,,BANGALORE=1
ER1073A,SI-GH,,BANGALORE=1
ER1075A,SI-GH,,BANGALORE=1
ER1081A,SI-GH,,BANGALORE=1
ER1082A,SI-GH,,BANGALORE=1
ER1083A,SI-GH,,BANGALORE=1
ER1086A,SI-GH,,BANGALORE=1
ER1088A,SI-GH,,BANGALORE=1
ER1089A,SI-GH,,BANGALORE=1
ER1090A,SI-GH,,BANGALORE=1
ER1091A,SI-GH,,BANGALORE=1
ER1093A,SI-GH,,BANGALORE=1
ER1094A,SI-GH,,BANGALORE=1
ER1096A,SI-GH,,BANGALORE=1
ER1098A,SI-GH,,BANGALORE=1
ER1099A,SI-GH,,BANGALORE=1
ER1102A,SI-GH,,BANGALORE=1
ER1104A,SI-GH,,BANGALORE=1
ER1105A,SI-GH,,BANGALORE=1
ER1106A,SI-GH,,BANGALORE=1
ER1107A,SI-GH,,BANGALORE=1
ER1108A,SI-GH,,BANGALORE=1
ER1109A,SI-GH,,BANGALORE=1
ER1110A,SI-GH,,BANGALORE=1
ER1113A,SI-GH,,BANGALORE=1
ER1114A,SI-GH,,BANGALORE=1
ER1117A,SI-GH,,BANGALORE=1
ER1118A,SI-GH,,BANGALORE=1
ER1119A,SI-GH,,BANGALORE=1
ER1120A,SI-GH,,BANGALORE=1
ER1121A,SI-GH,,BANGALORE=1
ER1123A,SI-GH,,BANGALORE=1
ER1125A,SI-GH,,BANGALORE=1
ER1126A,SI-GH,,BANGALORE=1
ER1132A,SI-GH,,BANGALORE=1
ER1134A,SI-GH,,BANGALORE=1
ER1137A,SI-GH,,BANGALORE=1
ER1138A,SI-GH,,BANGALORE=1
ER1139A,SI-GH,,BANGALORE=1
ER1143A,SI-GH,,BANGALORE=1
ER1144A,SI-GH,,BANGALORE=1
ER1145A,SI-GH,,BANGALORE=1
ER1149A,SI-GH,,BANGALORE=1
ER1151A,SI-GH,,BANGALORE=1
ER1153A,SI-GH,,BANGALORE=1
ER1154A,SI-GH,,BANGALORE=1
ER1155A,SI-GH,,BANGALORE=1
ER1158A,SI-GH,,BANGALORE=1
ER1161A,SI-GH,,BANGALORE=1
ER1162A,SI-GH,,BANGALORE=1
ER1164A,SI-GH,,BANGALORE=1
ER1171A,SI-GH,,BANGALORE=1
ER1172A,SI-GH,,BANGALORE=1
ER1173A,SI-GH,,BANGALORE=1
ER1175A,SI-GH,,BANGALORE=1
ER1178A,SI-GH,,BANGALORE=1
ER1179A,SI-GH,,BANGALORE=1
ER1182A,SI-GH,,BANGALORE=1
ER1183A,SI-GH,,BANGALORE=1
ER1185A,SI-GH,,BANGALORE=1
ER1187A,SI-GH,,BANGALORE=1
ER1190A,SI-GH,,BANGALORE=1
ER1192A,SI-GH,,BANGALORE=1
ER1199A,SI-GH,,BANGALORE=1
ER1200A,SI-GH,,BANGALORE=1
ER1201A,SI-GH,,BANGALORE=1
ER1207A,SI-GH,,BANGALORE=1
ER1208A,SI-GH,,BANGALORE=1
ER1212A,SI-GH,,BANGALORE=1
PD1207A,SI-GH,,BANGALORE=1
PD1208A,SI-GH,,BANGALORE=1
ER1220A,SI-GH,,BANGALORE=1
ER1222A,SI-GH,,BANGALORE=1
PD1212A,SI-GH,,BANGALORE=1
PD1213A,SI-GH,,BANGALORE=1
ER1225A,SI-GH,,BANGALORE=1
ER1226A,SI-GH,,BANGALORE=1
ER1227A,SI-GH,,BANGALORE=1
ER1229A,SI-GH,,BANGALORE=1
ER1230A,SI-GH,,BANGALORE=1
PD1220A,SI-GH,,BANGALORE=1
ER1231A,SI-GH,,BANGALORE=1
ER1232A,SI-GH,,BANGALORE=1
ER1233A,SI-GH,,BANGALORE=1
PD1222A,SI-GH,,BANGALORE=1
ER1235A,SI-GH,,BANGALORE=1
PD1225A,SI-GH,,BANGALORE=1
ER1236A,SI-GH,,BANGALORE=1
PD1226A,SI-GH,,BANGALORE=1
PD1227A,SI-GH,,BANGALORE=1
ER1239A,SI-GH,,BANGALORE=1
PD1229A,SI-GH,,BANGALORE=1
PD1230A,SI-GH,,BANGALORE=1
ER1241A,SI-GH,,BANGALORE=1
ER1242A,SI-GH,,BANGALORE=1
PD1231A,SI-GH,,BANGALORE=1
PD1232A,SI-GH,,BANGALORE=1
ER1243A,SI-GH,,BANGALORE=1
ER1244A,SI-GH,,BANGALORE=1
PD1233A,SI-GH,,BANGALORE=1
ER1245A,SI-GH,,BANGALORE=1
PD1235A,SI-GH,,BANGALORE=1
PD1236A,SI-GH,,BANGALORE=1
ER1247A,SI-GH,,BANGALORE=1
ER1248A,SI-GH,,BANGALORE=1
ER1250A,SI-GH,,BANGALORE=1
PD1239A,SI-GH,,BANGALORE=1
ER1252A,SI-GH,,BANGALORE=1
PD1241A,SI-GH,,BANGALORE=1
PD1242A,SI-GH,,BANGALORE=1
ER1253A,SI-GH,,BANGALORE=1
PD1243A,SI-GH,,BANGALORE=1
PD1244A,SI-GH,,BANGALORE=1
PD1245A,SI-GH,,BANGALORE=1
ER1256A,SI-GH,,BANGALORE=1
PD1247A,SI-GH,,BANGALORE=1
PD1248A,SI-GH,,BANGALORE=1
ER1259A,SI-GH,,BANGALORE=1
ER1260A,SI-GH,,BANGALORE=1
PD1250A,SI-GH,,BANGALORE=1
PD1252A,SI-GH,,BANGALORE=1
ER1263A,SI-GH,,BANGALORE=1
PD1253A,SI-GH,,BANGALORE=1
ER1266A,SI-GH,,BANGALORE=1
PD1256A,SI-GH,,BANGALORE=1
ER1268A,SI-GH,,BANGALORE=1
ER1270A,SI-GH,,BANGALORE=1
PD1259A,SI-GH,,BANGALORE=1
PD1260A,SI-GH,,BANGALORE=1
ER1272A,SI-GH,,BANGALORE=1
ER1273A,SI-GH,,BANGALORE=1
PD1263A,SI-GH,,BANGALORE=1
ER1274A,SI-GH,,BANGALORE=1
ER1277A,SI-GH,,BANGALORE=1
PD1266A,SI-GH,,BANGALORE=1
ER1278A,SI-GH,,BANGALORE=1
PD1268A,SI-GH,,BANGALORE=1
ER1280A,SI-GH,,BANGALORE=1
PD1270A,SI-GH,,BANGALORE=1
ER1281A,SI-GH,,BANGALORE=1
ER1282A,SI-GH,,BANGALORE=1
ER1283A,SI-GH,,BANGALORE=1
PD1272A,SI-GH,,BANGALORE=1
PD1273A,SI-GH,,BANGALORE=1
PD1274A,SI-GH,,BANGALORE=1
ER1285A,SI-GH,,BANGALORE=1
ER1287A,SI-GH,,BANGALORE=1
PD1277A,SI-GH,,BANGALORE=1
PD1278A,SI-GH,,BANGALORE=1
ER1290A,SI-GH,,BANGALORE=1
PD1280A,SI-GH,,BANGALORE=1
ER1291A,SI-GH,,BANGALORE=1
PD1281A,SI-GH,,BANGALORE=1
PD1282A,SI-GH,,BANGALORE=1
PD1283A,SI-GH,,BANGALORE=1
PD1284A,SI-GH,,BANGALORE=1
ER1295A,SI-GH,,BANGALORE=1
PD1285A,SI-GH,,BANGALORE=1
ER1297A,SI-GH,,BANGALORE=1
PD1287A,SI-GH,,BANGALORE=1
ER1299A,VVS-EF,,BANGALORE=1
PD1290A,SI-GH,,BANGALORE=1
ER1302A,SI-GH,,BANGALORE=1
ER1303A,SI-GH,,BANGALORE=1
ER1304A,SI-GH,,BANGALORE=1
ER1305A,SI-GH,,BANGALORE=1
PD1295A,SI-GH,,BANGALORE=1
ER1306A,SI-GH,,BANGALORE=1
ER1307A,SI-GH,,BANGALORE=1
PD1297A,SI-GH,,BANGALORE=1
ER1308A,SI-GH,,BANGALORE=1
ER1309A,SI-GH,,BANGALORE=1
ER1310A,SI-GH,,BANGALORE=1
PD1300A,SI-GH,,BANGALORE=1
PD1302A,SI-GH,,BANGALORE=1
ER1313A,SI-GH,,BANGALORE=1
ER1314A,SI-GH,,BANGALORE=1
PD1303A,SI-GH,,BANGALORE=1
PD1304A,SI-GH,,BANGALORE=1
PD1305A,SI-GH,,BANGALORE=1;BLR1=1
PD1306A,SI-GH,,BANGALORE=1
ER1317A,SI-GH,,BANGALORE=1
PD1308A,SI-GH,,BANGALORE=1
ER1319A,SI-GH,,BANGALORE=1
ER1320A,SI-GH,,BANGALORE=1
PD1309A,SI-GH,,BANGALORE=1
PD1310A,SI-GH,,BANGALORE=1
ER1321A,SI-GH,,BANGALORE=1
ER1322A,SI-GH,,BANGALORE=1
ER1323A,SI-GH,,BANGALORE=1
PD1313A,SI-GH,,BANGALORE=1
PD1314A,SI-GH,,BANGALORE=1
PD1315A,SI-GH,,BANGALORE=1
ER1326A,SI-GH,,BANGALORE=1
ER1327A,SI-GH,,BANGALORE=1
ER1328A,SI-GH,,BANGALORE=1
PD1317A,SI-GH,,BANGALORE=1
ER1329A,SI-GH,,BANGALORE=1
ER1330A,SI-GH,,BANGALORE=1
PD1319A,SI-GH,,BANGALORE=1
PD1320A,SI-GH,,BANGALORE=1
ER1332A,SI-GH,,BANGALORE=1
PD1321A,SI-GH,,BANGALORE=1
PD1322A,SI-GH,,BANGALORE=1
PD1323A,SI-GH,,BANGALORE=1
ER1334A,SI-GH,,BANGALORE=1
ER1335A,SI-GH,,BANGALORE=1
PD1326A,SI-GH,,BANGALORE=1
ER1338A,SI-GH,,BANGALORE=1
PD1327A,SI-GH,,BANGALORE=1
PD1328A,SI-GH,,BANGALORE=1
ER1339A,SI-GH,,BANGALORE=1
ER1340A,SI-GH,,BANGALORE=1
PD1330A,SI-GH,,BANGALORE=1;BLR1=1
PD1331A,SI-GH,,BANGALORE=1
PD1332A,SI-GH,,BANGALORE=1
ER1344A,SI-GH,,BANGALORE=1
PD1334A,SI-GH,,BANGALORE=1
ER1349A,SI-GH,,BANGALORE=1
ER1351A,SI-GH,,BANGALORE=1
ER1352A,SI-GH,,BANGALORE=1
ER1354A,SI-GH,,BANGALORE=1
ER1356A,SI-GH,,BANGALORE=1
ER1357A,SI-GH,,BANGALORE=1
ER1364B,SI-GH,,BANGALORE=1
ER1364C,SI-GH,,BANGALORE=1
ER1376A,SI-GH,,BANGALORE=1
ER1382A,SI-GH,,BANGALORE=1
ER1383A,SI-GH,,BANGALORE=1
ER1395A,SI-GH,,BANGALORE=1
ER1398A,SI-GH,,BANGALORE=1
ER1400A,SI-GH,,BANGALORE=1
ER1402A,SI-GH,,BANGALORE=1
ER1412B,SI-GH,,BANGALORE=1
ER1413A,SI-GH,,BANGALORE=1
ER1419A,SI-GH,,BANGALORE=1
ER1420A,SI-GH,,BANGALORE=1
ER1424A,SI-GH,,BANGALORE=1
ER1426A,SI-GH,,BANGALORE=1
ER1427A,SI-GH,,BANGALORE=1
ER1429A,SI-GH,,BANGALORE=1
ER1430A,SI-GH,,BANGALORE=1
ER1432A,SI-GH,,BANGALORE=1
ER1433A,SI-GH,,BANGALORE=1
ER1434A,SI-GH,,BANGALORE=1
ER1435A,SI-GH,,BANGALORE=1
ER1437A,SI-GH,,BANGALORE=1
ER1438A,SI-GH,,BANGALORE=1
PD1453A,SI-GH,,BANGALORE=1
PD1454A,SI-GH,,BANGALORE=1
PD1460A,SI-GH,,BANGALORE=1
PD1461A,SI-GH,,BANGALORE=1
PD1462A,SI-GH,,BANGALORE=1
PD1464A,SI-GH,,BANGALORE=1
PD1465A,SI-GH,,BANGALORE=1
PD1467A,SI-GH,,BANGALORE=1
ER1479A,SI-GH,,BANGALORE=1
PD1468A,SI-GH,,BANGALORE=1
PD1475A,SI-GH,,BANGALORE=1
ER1487A,SI-GH,,BANGALORE=1
ER1493A,SI-GH,,BANGALORE=1
ER1495A,SI-GH,,BANGALORE=1
ER1497A,SI-GH,,BANGALORE=1
ER1500A,SI-GH,,BANGALORE=1
ER1501A,SI-GH,,BANGALORE=1
ER1502A,SI-GH,,BANGALORE=1
ER1503A,SI-GH,,BANGALORE=1
PD1495A,SI-GH,,BANGALORE=1
ER1507A,SI-GH,,BANGALORE=1
PD1497A,SI-GH,,BANGALORE=1
ER1509A,SI-GH,,BANGALORE=1
ER1511A,SI-GH,,BANGALORE=1
ER1515A,SI-GH,,BANGALORE=1
ER1524A,SI-GH,,BANGALORE=1
PD1515A,SI-GH,,BANGALORE=1
PD1524A,SI-GH,,BANGALORE=1
ER1539A,SI-GH,,BANGALORE=1
ER1542B,SI-GH,,BANGALORE=1
ER1545A,SI-GH,,BANGALORE=1
ER1545C,SI-GH,,BANGALORE=1
ER1547A,SI-GH,,BANGALORE=1
ER1548A,SI-GH,,BANGALORE=1
ER1549B,SI-GH,,BANGALORE=1
ER1551A,SI-GH,,BANGALORE=1
ER1552B,SI-GH,,BANGALORE=1
ER1553B,SI-GH,,BANGALORE=1
ER1554A,SI-GH,,BANGALORE=1
ER1556A,SI-GH,,BANGALORE=1
ER1557B,SI-GH,,BANGALORE=1
ER1558B,SI-GH,,BANGALORE=1
ER1559A,SI-GH,,BANGALORE=1
ER1560A,SI-GH,,BANGALORE=1
ER1561B,SI-GH,,BANGALORE=1
ER1564B,SI-GH,,BANGALORE=1
ER1565B,SI-GH,,BANGALORE=1
ER1567A,SI-GH,,BANGALORE=1
ER1568B,SI-GH,,BANGALORE=1
ER1569A,SI-GH,,BANGALORE=1
ER1588A,SI-GH,,BANGALORE=1
PD1578A,SI-GH,,BANGALORE=1
ER1590A,SI-GH,,BANGALORE=1
ER1591A,SI-GH,,BANGALORE=1
PD1580A,SI-GH,,BANGALORE=1
PD1581A,SI-GH,,BANGALORE=1
PD1583A,SI-GH,,BANGALORE=1
PD1586A,SI-GH,,BANGALORE=1
ER1598A,SI-GH,,BANGALORE=1
PD1694A,SI-GH,,BANGALORE=1
PD1703A,SI-GH,,BANGALORE=1
PD1705A,SI-GH,,BANGALORE=2
ER0242A,SI-GH,,BANGALORE=1
ER0243A,SI-GH,,BANGALORE=1
ER0262A,SI-GH,,BANGALORE=1
PD0521C,SI-GH,,BLR1=1
PD0704A,SI-GH,,BANGALORE=1
PD1701A,SI-GH,,BLR1=1
ER0147B,SI-GH,,BLR1=1
PD1521A,SI-GH,,BANGALORE=1
RG0049A,SI-GH,8,BANGALORE=1
RG0049A,VVS-EF,6,BANGALORE=1
ER0574A,SI-GH,,BANGALORE=1
PD1697A,VVS-EF,,BANGALORE=1
NP0003A,VVS-EF,,BLR1=1
NP0009A,SI-GH,,BLR1=1
